"","plantID","PPC_percent","spore_percent","PPC_cluster","unspoil_percent"
"6",12,0.444444444444444,0.166666666666667,1,0.388888888888889
"8",14,0.5,0,1,0.5
"9",17,0.4,0.28,1,0.32
"15",39,0.538461538461538,0.307692307692308,1,0.153846153846154
"19",53,0.428571428571429,0.142857142857143,1,0.428571428571429
"20",55,0.5,0,1,0.5
"21",58,0.625,0.125,1,0.25
"25",66,0.5,0,1,0.5
"26",67,0.5,0.25,1,0.25
