"","plantID","PPC_percent","spore_percent","PPC_cluster","unspoil_percent"
"4",10,0.285714285714286,0.642857142857143,2,0.0714285714285714
"10",20,0.294117647058824,0.352941176470588,2,0.352941176470588
"13",30,0.125,0.75,2,0.125
"14",35,0.2,0.5,2,0.3
"17",42,0.266666666666667,0.266666666666667,2,0.466666666666667
"18",50,0.181818181818182,0,2,0.818181818181818
